{
   "dashboards": [{
      "autoswitchEnabled": false,
      "columnCount": 1,
      "columnProportion": "1-1",
      "creationTime": 1672960176641,
      "dashboardNavigations": {},
      "description": "",
      "disabled": false,
      "gridsterMaxColumns": 12,
      "hidden": false,
      "homeTab": false,
      "id": "f7735598-99e7-4d7c-a9a2-bda579fc2c47",
      "importAttempts": 0,
      "importComplete": true,
      "lastUpdateTime": 1672960858143,
      "lastUpdateUserId": "287ed085-c6ca-4255-b69c-956f1665ed51",
      "locked": false,
      "name": "VM Rightsizing and Reclamation",
      "rank": 0,
      "shared": false,
      "states": [{
         "key": "permDashboardTime_dashboard_f7735598-99e7-4d7c-a9a2-bda579fc2c47",
         "value": "o%3AdateRange%3Ds%253Alast7Days%5EdateRangeText%3Ds%253A7D"
      }],
      "temporary": false,
      "userId": "287ed085-c6ca-4255-b69c-956f1665ed51",
      "widgetInteractions": [
         {
            "type": "resourceId",
            "widgetIdProvider": "40f74336-2744-45eb-aefd-36b9dc89de40",
            "widgetIdReceiver": "a5cb38df-2c6e-49af-958d-f9af4fd9c31e"
         },
         {
            "type": "resourceId",
            "widgetIdProvider": "a5cb38df-2c6e-49af-958d-f9af4fd9c31e",
            "widgetIdReceiver": "47942c96-16ae-43d0-bb83-f24e607ca2f0"
         },
         {
            "type": "resourceId",
            "widgetIdProvider": "a5cb38df-2c6e-49af-958d-f9af4fd9c31e",
            "widgetIdReceiver": "1e2e877f-e6de-4978-b1ba-0fc39955b1d5"
         }
      ],
      "widgets": [
         {
            "collapsed": false,
            "config": {
               "chartViewItems": ["labels"],
               "isUpdatedView": true,
               "refreshContent": {"refreshContent": true},
               "refreshInterval": 300,
               "resource": {
                  "id": "Ext.vcops.chrome.model.Resource-1",
                  "resourceId": "resource:id:0_::_",
                  "resourceKindId": "002006VMWAREvSphere World",
                  "resourceName": "vSphere World",
                  "traversalSpecId": ""
               },
               "selectFirstRow": {"selectFirstRow": false},
               "selfProvider": {"selfProvider": true},
               "title": "VM vCPU Distribution",
               "traversalSpecId": null,
               "viewDefinitionId": "b1c3bccc-4486-4d85-a5fd-3360814e4034"
            },
            "gridsterCoords": {
               "h": 4,
               "w": 6,
               "x": 1,
               "y": 1
            },
            "height": 209,
            "id": "40f74336-2744-45eb-aefd-36b9dc89de40",
            "states": [{
               "key": "perm_isDashboardTime_widget_f7735598-99e7-4d7c-a9a2-bda579fc2c47_40f74336-2744-45eb-aefd-36b9dc89de40",
               "value": "b%3A0"
            }],
            "title": "VM vCPU Distribution",
            "type": "View"
         },
         {
            "collapsed": false,
            "config": {
               "chartViewItems": ["labels"],
               "isUpdatedView": true,
               "refreshContent": {"refreshContent": true},
               "refreshInterval": 300,
               "resource": {
                  "id": "Ext.vcops.chrome.model.Resource-2",
                  "resourceId": "resource:id:0_::_",
                  "resourceKindId": "002006VMWAREvSphere World",
                  "resourceName": "vSphere World",
                  "traversalSpecId": ""
               },
               "selectFirstRow": {"selectFirstRow": false},
               "selfProvider": {"selfProvider": true},
               "title": "VM Memory Distribution",
               "traversalSpecId": null,
               "viewDefinitionId": "70324bec-c17d-4a48-b2ca-2dc4635ac59c"
            },
            "gridsterCoords": {
               "h": 4,
               "w": 6,
               "x": 7,
               "y": 1
            },
            "height": 209,
            "id": "c7838ed2-adb2-4198-8010-9316c392e532",
            "states": [{
               "key": "perm_isDashboardTime_widget_f7735598-99e7-4d7c-a9a2-bda579fc2c47_c7838ed2-adb2-4198-8010-9316c392e532",
               "value": "b%3A0"
            }],
            "title": "VM Memory Distribution",
            "type": "View"
         },
         {
            "collapsed": false,
            "config": {
               "chartViewItems": [],
               "isUpdatedView": true,
               "refreshContent": {"refreshContent": true},
               "refreshInterval": 300,
               "resource": {
                  "id": "Ext.vcops.chrome.model.Resource-51",
                  "resourceId": "resource:id:0_::_",
                  "resourceKindId": "002006VMWAREvSphere World",
                  "resourceName": "vSphere World",
                  "traversalSpecId": ""
               },
               "selectFirstRow": {"selectFirstRow": true},
               "selfProvider": {"selfProvider": true},
               "title": "VM Details",
               "traversalSpecId": null,
               "viewDefinitionId": "60a9e3eb-5db9-4255-80f3-2ae3f2c46d30"
            },
            "gridsterCoords": {
               "h": 12,
               "w": 12,
               "x": 1,
               "y": 5
            },
            "height": 665,
            "id": "a5cb38df-2c6e-49af-958d-f9af4fd9c31e",
            "states": [
               {
                  "key": "permSelectedDate_widget_f7735598-99e7-4d7c-a9a2-bda579fc2c47_a5cb38df-2c6e-49af-958d-f9af4fd9c31e",
                  "value": "s%3A%7B%22minType%22%3A%22.TimeIntervalControl%22%2C%22advancedTimeMode%22%3Afalse%2C%22fromTime%22%3Anull%2C%22unit%22%3A%22HOURS%22%2C%22count%22%3A24%2C%22priorUnit%22%3Anull%2C%22priorCount%22%3Anull%2C%22startSubUnit%22%3Anull%2C%22startPeriod%22%3Anull%2C%22toTime%22%3Anull%2C%22endUnit%22%3Anull%2C%22endCount%22%3Anull%2C%22endSubUnit%22%3Anull%2C%22endPeriod%22%3Anull%2C%22isRealTimeData%22%3Anull%2C%22mondayHours%22%3Anull%2C%22tuesdayHours%22%3Anull%2C%22wednesdayHours%22%3Anull%2C%22thursdayHours%22%3Anull%2C%22fridayHours%22%3Anull%2C%22saturdayHours%22%3Anull%2C%22sundayHours%22%3Anull%7D"
               },
               {
                  "key": "permPageSize_widget_f7735598-99e7-4d7c-a9a2-bda579fc2c47_a5cb38df-2c6e-49af-958d-f9af4fd9c31e",
                  "value": "n%3A100"
               },
               {
                  "key": "perm_isDashboardTime_widget_f7735598-99e7-4d7c-a9a2-bda579fc2c47_a5cb38df-2c6e-49af-958d-f9af4fd9c31e",
                  "value": "b%3A0"
               },
               {
                  "key": "perm_toolbarVisible_widget_f7735598-99e7-4d7c-a9a2-bda579fc2c47_a5cb38df-2c6e-49af-958d-f9af4fd9c31e",
                  "value": "b%3A1"
               }
            ],
            "title": "VM Details",
            "type": "View"
         },
         {
            "collapsed": false,
            "config": {
               "customFilter": {
                  "excludedResources": null,
                  "filter": [],
                  "includedResources": null
               },
               "depth": 1,
               "metric": {
                  "mode": "resourceKind",
                  "resourceKindMetrics": [{
                     "colorMethod": 2,
                     "handleOldColoring": false,
                     "id": "extModel12593-1",
                     "isStringMetric": false,
                     "metricKey": "mem|usage_average",
                     "metricName": "Memory|Usage",
                     "metricUnitId": "percent",
                     "orangeBound": null,
                     "redBound": null,
                     "resourceKindId": "resourceKind:id:0_::_",
                     "resourceKindName": "Virtual Machine",
                     "unit": "%",
                     "yellowBound": null
                  }],
                  "resourceMetrics": [],
                  "subMode": "resourceKindAll"
               },
               "refreshContent": {"refreshContent": true},
               "refreshInterval": 300,
               "relationshipMode": {"relationshipMode": 0},
               "resInteractionMode": null,
               "resource": [],
               "selfProvider": {"selfProvider": false},
               "title": "Memory Usage (for selected VM)"
            },
            "gridsterCoords": {
               "h": 5,
               "w": 6,
               "x": 7,
               "y": 17
            },
            "height": 266,
            "id": "47942c96-16ae-43d0-bb83-f24e607ca2f0",
            "states": [
               {
                  "key": "permBtn_pan_permMetricChart_widget_f7735598-99e7-4d7c-a9a2-bda579fc2c47_47942c96-16ae-43d0-bb83-f24e607ca2f0",
                  "value": "b%3A0"
               },
               {
                  "key": "permBtn_splitGraphs_permMetricChart_widget_f7735598-99e7-4d7c-a9a2-bda579fc2c47_47942c96-16ae-43d0-bb83-f24e607ca2f0",
                  "value": "b%3A1"
               },
               {
                  "key": "perm_toolbarVisible_widget_f7735598-99e7-4d7c-a9a2-bda579fc2c47_47942c96-16ae-43d0-bb83-f24e607ca2f0",
                  "value": "b%3A0"
               },
               {
                  "key": "permBtn_zoomAllGraphs_permMetricChart_widget_f7735598-99e7-4d7c-a9a2-bda579fc2c47_47942c96-16ae-43d0-bb83-f24e607ca2f0",
                  "value": "b%3A0"
               },
               {
                  "key": "permDateRange1_permMetricChart_widget_f7735598-99e7-4d7c-a9a2-bda579fc2c47_47942c96-16ae-43d0-bb83-f24e607ca2f0",
                  "value": "s%3A%7B%22dateRange%22%3A%22dashboardTime%22%2C%22dateFrom%22%3Anull%2C%22dateTo%22%3Anull%2C%22timeFrom%22%3Anull%2C%22timeTo%22%3Anull%7D"
               },
               {
                  "key": "permBtn_thresholds_permMetricChart_widget_f7735598-99e7-4d7c-a9a2-bda579fc2c47_47942c96-16ae-43d0-bb83-f24e607ca2f0",
                  "value": "b%3A1"
               },
               {
                  "key": "permMetricChart_widget_f7735598-99e7-4d7c-a9a2-bda579fc2c47_47942c96-16ae-43d0-bb83-f24e607ca2f0",
                  "value": "o%3A"
               }
            ],
            "title": "Memory Usage (for selected VM)",
            "type": "MetricChart"
         },
         {
            "collapsed": false,
            "config": {
               "customFilter": {
                  "excludedResources": null,
                  "filter": [],
                  "includedResources": null
               },
               "depth": 1,
               "metric": {
                  "mode": "resourceKind",
                  "resourceKindMetrics": [{
                     "colorMethod": 2,
                     "handleOldColoring": false,
                     "id": "extModel15313-1",
                     "isStringMetric": false,
                     "metricKey": "cpu|usage_average",
                     "metricName": "CPU|Usage",
                     "metricUnitId": "percent",
                     "orangeBound": null,
                     "redBound": null,
                     "resourceKindId": "resourceKind:id:0_::_",
                     "resourceKindName": "Virtual Machine",
                     "unit": "%",
                     "yellowBound": null
                  }],
                  "resourceMetrics": [],
                  "subMode": "resourceKindAll"
               },
               "refreshContent": {"refreshContent": true},
               "refreshInterval": 300,
               "relationshipMode": {"relationshipMode": 0},
               "resInteractionMode": null,
               "resource": [],
               "selfProvider": {"selfProvider": false},
               "title": "CPU Usage (for selected VM)"
            },
            "gridsterCoords": {
               "h": 5,
               "w": 6,
               "x": 1,
               "y": 17
            },
            "height": 267,
            "id": "1e2e877f-e6de-4978-b1ba-0fc39955b1d5",
            "states": [
               {
                  "key": "permMetricChart_widget_f7735598-99e7-4d7c-a9a2-bda579fc2c47_1e2e877f-e6de-4978-b1ba-0fc39955b1d5",
                  "value": "o%3A"
               },
               {
                  "key": "permBtn_pan_permMetricChart_widget_f7735598-99e7-4d7c-a9a2-bda579fc2c47_1e2e877f-e6de-4978-b1ba-0fc39955b1d5",
                  "value": "b%3A0"
               },
               {
                  "key": "permDateRange1_permMetricChart_widget_f7735598-99e7-4d7c-a9a2-bda579fc2c47_1e2e877f-e6de-4978-b1ba-0fc39955b1d5",
                  "value": "s%3A%7B%22dateRange%22%3A%22dashboardTime%22%2C%22dateFrom%22%3Anull%2C%22dateTo%22%3Anull%2C%22timeFrom%22%3Anull%2C%22timeTo%22%3Anull%7D"
               },
               {
                  "key": "permBtn_splitGraphs_permMetricChart_widget_f7735598-99e7-4d7c-a9a2-bda579fc2c47_1e2e877f-e6de-4978-b1ba-0fc39955b1d5",
                  "value": "b%3A1"
               },
               {
                  "key": "permBtn_thresholds_permMetricChart_widget_f7735598-99e7-4d7c-a9a2-bda579fc2c47_1e2e877f-e6de-4978-b1ba-0fc39955b1d5",
                  "value": "b%3A1"
               },
               {
                  "key": "permBtn_zoomAllGraphs_permMetricChart_widget_f7735598-99e7-4d7c-a9a2-bda579fc2c47_1e2e877f-e6de-4978-b1ba-0fc39955b1d5",
                  "value": "b%3A0"
               },
               {
                  "key": "perm_toolbarVisible_widget_f7735598-99e7-4d7c-a9a2-bda579fc2c47_1e2e877f-e6de-4978-b1ba-0fc39955b1d5",
                  "value": "b%3A0"
               }
            ],
            "title": "CPU Usage (for selected VM)",
            "type": "MetricChart"
         }
      ]
   }],
   "entries": {
      "resource": [{
         "adapterKindKey": "VMWARE",
         "identifiers": [],
         "internalId": "resource:id:0_::_",
         "name": "vSphere World",
         "resourceKindKey": "vSphere World"
      }],
      "resourceKind": [{
         "adapterKindKey": "VMWARE",
         "internalId": "resourceKind:id:0_::_",
         "resourceKindKey": "VirtualMachine"
      }]
   },
   "uuid": "a22ba151-3619-490b-a89d-53d0fe37d0fc"
}